{
    "metrics1": {
        "accuracy": 0.7029702970297029,
        "f1": 0.7029411764705882,
        "matthews_correlation": 0.4064339269220064,
        "precision": 0.7031372549019608,
        "recall": 0.7032967032967032
    },
    "metrics": {
        "accuracy": 0.48514851485148514,
        "f1": 0.32666666666666666,
        "matthews_correlation": 0.0,
        "precision": 0.24257425742574257,
        "recall": 0.5
    }
}