{
    "metrics1": {
        "accuracy": 0.8514851485148515,
        "f1": 0.8500148500148501,
        "matthews_correlation": 0.713887652969074,
        "precision": 0.8634146341463416,
        "recall": 0.8505882352941176
    },
    "metrics": {
        "accuracy": 0.504950495049505,
        "f1": 0.3355263157894737,
        "matthews_correlation": 0.0,
        "precision": 0.2524752475247525,
        "recall": 0.5
    }
}