{
    "metrics1": {
        "accuracy": 0.8811881188118812,
        "f1": 0.8806146572104019,
        "matthews_correlation": 0.7675234956353963,
        "precision": 0.8869617224880382,
        "recall": 0.8805882352941177
    },
    "metrics": {
        "accuracy": 0.5742574257425742,
        "f1": 0.4745311554748941,
        "matthews_correlation": 0.27560378591106227,
        "precision": 0.7712765957446808,
        "recall": 0.5700000000000001
    }
}