{
    "metrics1": {
        "accuracy": 0.8514851485148515,
        "f1": 0.8493586556627225,
        "matthews_correlation": 0.6988882275179455,
        "precision": 0.8502791068580542,
        "recall": 0.8486111111111111
    },
    "metrics": {
        "accuracy": 0.8415841584158416,
        "f1": 0.8411949685534592,
        "matthews_correlation": 0.6883749701982153,
        "precision": 0.842156862745098,
        "recall": 0.8462301587301587
    }
}