{
    "xgb": 0.4301533219761499,
    "lgb": 0.469335604770017
}