{
    "metrics1": {
        "accuracy": 0.8415841584158416,
        "f1": 0.8408195429472025,
        "matthews_correlation": 0.681639085894405,
        "precision": 0.8408195429472025,
        "recall": 0.8408195429472025
    },
    "metrics": {
        "accuracy": 0.46534653465346537,
        "f1": 0.31756756756756754,
        "matthews_correlation": 0.0,
        "precision": 0.23267326732673269,
        "recall": 0.5
    }
}