{
    "metrics1": {
        "accuracy": 0.8613861386138614,
        "f1": 0.8582598235765838,
        "matthews_correlation": 0.7172211656113113,
        "precision": 0.860774818401937,
        "recall": 0.8564593301435407
    },
    "metrics": {
        "accuracy": 0.5643564356435643,
        "f1": 0.36075949367088606,
        "matthews_correlation": 0.0,
        "precision": 0.28217821782178215,
        "recall": 0.5
    }
}