{
    "xgb": 0.4923453766074709,
    "lgb": 0.5052051439069197
}