{
    "metrics1": {
        "accuracy": 0.7920792079207921,
        "f1": 0.7891021179278115,
        "matthews_correlation": 0.5821788124631965,
        "precision": 0.7876280535855005,
        "recall": 0.794592413236481
    },
    "metrics": {
        "accuracy": 0.44554455445544555,
        "f1": 0.4441823899371069,
        "matthews_correlation": -0.06728931455338001,
        "precision": 0.4655827702702703,
        "recall": 0.4671105730427764
    }
}