{
    "metrics1": {
        "accuracy": 0.8217821782178217,
        "f1": 0.8203557312252965,
        "matthews_correlation": 0.6413642827167986,
        "precision": 0.8218253968253968,
        "recall": 0.8195429472025217
    },
    "metrics": {
        "accuracy": 0.7722772277227723,
        "f1": 0.7721878984014906,
        "matthews_correlation": 0.5567453206320915,
        "precision": 0.7793650793650794,
        "recall": 0.7773837667454688
    }
}