{
    "metrics1": {
        "accuracy": 0.6732673267326733,
        "f1": 0.6668665667166417,
        "matthews_correlation": 0.33710731898938645,
        "precision": 0.666205533596838,
        "recall": 0.6709349593495935
    },
    "metrics": {
        "accuracy": 0.40594059405940597,
        "f1": 0.2887323943661972,
        "matthews_correlation": 0.0,
        "precision": 0.20297029702970298,
        "recall": 0.5
    }
}