{
    "metrics1": {
        "accuracy": 0.900990099009901,
        "f1": 0.8973577235772358,
        "matthews_correlation": 0.7954690489388211,
        "precision": 0.9008196721311476,
        "recall": 0.8946731234866827
    },
    "metrics": {
        "accuracy": 0.693069306930693,
        "f1": 0.6035203241737368,
        "matthews_correlation": 0.4143586872422511,
        "precision": 0.8277777777777777,
        "recall": 0.6309523809523809
    }
}