{
    "metrics1": {
        "accuracy": 0.6237623762376238,
        "f1": 0.6152766639935846,
        "matthews_correlation": 0.2310511137539795,
        "precision": 0.6148325358851674,
        "recall": 0.6162227602905569
    },
    "metrics": {
        "accuracy": 0.38613861386138615,
        "f1": 0.33098290598290603,
        "matthews_correlation": -0.15561004491642838,
        "precision": 0.3854895104895105,
        "recall": 0.44713478611783697
    }
}