{
    "metrics1": {
        "accuracy": 0.6237623762376238,
        "f1": 0.5654438405797102,
        "matthews_correlation": 0.15769275894992935,
        "precision": 0.5889473684210527,
        "recall": 0.5698924731182795
    },
    "metrics": {
        "accuracy": 0.6039603960396039,
        "f1": 0.3765432098765432,
        "matthews_correlation": -0.0793115538912532,
        "precision": 0.305,
        "recall": 0.49193548387096775
    }
}