{
    "metrics1": {
        "accuracy": 0.8118811881188119,
        "f1": 0.8100188100188099,
        "matthews_correlation": 0.6332359158886752,
        "precision": 0.8223577235772358,
        "recall": 0.8109803921568628
    },
    "metrics": {
        "accuracy": 0.49504950495049505,
        "f1": 0.33112582781456956,
        "matthews_correlation": 0.0,
        "precision": 0.24752475247524752,
        "recall": 0.5
    }
}