{
    "metrics1": {
        "accuracy": 0.6138613861386139,
        "f1": 0.6062968515742129,
        "matthews_correlation": 0.22256269728034664,
        "precision": 0.6141439205955335,
        "recall": 0.6084905660377358
    },
    "metrics": {
        "accuracy": 0.5148514851485149,
        "f1": 0.45284687672747376,
        "matthews_correlation": 0.09487117370372053,
        "precision": 0.5685550082101807,
        "recall": 0.5328223270440252
    }
}