{
    "metrics1": {
        "accuracy": 0.8613861386138614,
        "f1": 0.8613725490196078,
        "matthews_correlation": 0.7398034306522024,
        "precision": 0.8706349206349207,
        "recall": 0.8691699604743084
    },
    "metrics": {
        "accuracy": 0.48514851485148514,
        "f1": 0.32666666666666666,
        "matthews_correlation": -0.22983247487502073,
        "precision": 0.2578947368421053,
        "recall": 0.44545454545454544
    }
}