{
    "metrics1": {
        "accuracy": 0.8415841584158416,
        "f1": 0.8415686274509804,
        "matthews_correlation": 0.6937656630875751,
        "precision": 0.8463356973995272,
        "recall": 0.8474308300395257
    },
    "metrics": {
        "accuracy": 0.3564356435643564,
        "f1": 0.26277372262773724,
        "matthews_correlation": -0.44021764421633436,
        "precision": 0.21951219512195122,
        "recall": 0.32727272727272727
    }
}