{
    "metrics1": {
        "accuracy": 0.801980198019802,
        "f1": 0.7986443381180224,
        "matthews_correlation": 0.6031146666966372,
        "precision": 0.8063008130081301,
        "recall": 0.7968873128447597
    },
    "metrics": {
        "accuracy": 0.42574257425742573,
        "f1": 0.3571115013169447,
        "matthews_correlation": -0.1427592535413007,
        "precision": 0.3969622331691297,
        "recall": 0.4505516154452324
    }
}