{
    "metrics1": {
        "accuracy": 0.4752475247524752,
        "f1": 0.4719344973858144,
        "matthews_correlation": -0.028443019981437,
        "precision": 0.4853801169590643,
        "recall": 0.48616600790513836
    },
    "metrics": {
        "accuracy": 0.6732673267326733,
        "f1": 0.6727540500736378,
        "matthews_correlation": 0.34882160102108556,
        "precision": 0.6737254901960784,
        "recall": 0.675098814229249
    }
}