{
    "metrics1": {
        "accuracy": 0.900990099009901,
        "f1": 0.8973577235772358,
        "matthews_correlation": 0.7954690489388211,
        "precision": 0.9008196721311476,
        "recall": 0.8946731234866827
    },
    "metrics": {
        "accuracy": 0.5841584158415841,
        "f1": 0.36875,
        "matthews_correlation": 0.0,
        "precision": 0.29207920792079206,
        "recall": 0.5
    }
}