{
    "metrics1": {
        "accuracy": 0.5346534653465347,
        "f1": 0.5016272965879265,
        "matthews_correlation": 0.06280742930213278,
        "precision": 0.5358974358974359,
        "recall": 0.5274725274725275
    },
    "metrics": {
        "accuracy": 0.45544554455445546,
        "f1": 0.3761931499157777,
        "matthews_correlation": -0.1498770157940501,
        "precision": 0.3974264705882353,
        "recall": 0.4452511773940345
    }
}