{
    "metrics1": {
        "accuracy": 0.8217821782178217,
        "f1": 0.8165859564164648,
        "matthews_correlation": 0.6358725003023659,
        "precision": 0.8223360655737705,
        "recall": 0.8135964912280702
    },
    "metrics": {
        "accuracy": 0.6237623762376238,
        "f1": 0.6192460317460318,
        "matthews_correlation": 0.2389860023286413,
        "precision": 0.6189723320158103,
        "recall": 0.6200159489633175
    }
}