{
    "metrics1": {
        "accuracy": 0.8217821782178217,
        "f1": 0.8203557312252965,
        "matthews_correlation": 0.6433259140757387,
        "precision": 0.81937893081761,
        "recall": 0.82396331738437
    },
    "metrics": {
        "accuracy": 0.5643564356435643,
        "f1": 0.36075949367088606,
        "matthews_correlation": 0.0,
        "precision": 0.28217821782178215,
        "recall": 0.5
    }
}