{
    "metrics1": {
        "accuracy": 0.7722772277227723,
        "f1": 0.77002277002277,
        "matthews_correlation": 0.5476058399773599,
        "precision": 0.7776432606941082,
        "recall": 0.7700156985871272
    },
    "metrics": {
        "accuracy": 0.48514851485148514,
        "f1": 0.32666666666666666,
        "matthews_correlation": 0.0,
        "precision": 0.24257425742574257,
        "recall": 0.5
    }
}