{
    "metrics1": {
        "accuracy": 0.8910891089108911,
        "f1": 0.8909180166912125,
        "matthews_correlation": 0.7834141285503942,
        "precision": 0.8926319936958235,
        "recall": 0.8907843137254902
    },
    "metrics": {
        "accuracy": 0.504950495049505,
        "f1": 0.3355263157894737,
        "matthews_correlation": 0.0,
        "precision": 0.2524752475247525,
        "recall": 0.5
    }
}