{
    "xgb": 0.635118807893677,
    "lgb": 0.78372935964559
}