{
    "metrics1": {
        "accuracy": 0.8316831683168316,
        "f1": 0.8261617900172117,
        "matthews_correlation": 0.6663506894824863,
        "precision": 0.8443834459459459,
        "recall": 0.8223320158102767
    },
    "metrics": {
        "accuracy": 0.44554455445544555,
        "f1": 0.4441823899371069,
        "matthews_correlation": -0.11023707481479003,
        "precision": 0.44509803921568625,
        "recall": 0.44466403162055335
    }
}