{
    "xgb": 0.5734463276836158,
    "lgb": 0.7288135593220338
}