{
    "metrics1": {
        "accuracy": 0.7524752475247525,
        "f1": 0.7489310927712041,
        "matthews_correlation": 0.5101436513611265,
        "precision": 0.749607535321821,
        "recall": 0.7606557377049181
    },
    "metrics": {
        "accuracy": 0.38613861386138615,
        "f1": 0.33098290598290603,
        "matthews_correlation": -0.10680598204670197,
        "precision": 0.4161616161616162,
        "recall": 0.46598360655737703
    }
}