{
    "xgb": 0.7466872110939907,
    "lgb": 0.8234206471494607
}