{
    "metrics1": {
        "accuracy": 0.7920792079207921,
        "f1": 0.7891021179278115,
        "matthews_correlation": 0.5821788124631965,
        "precision": 0.794592413236481,
        "recall": 0.7876280535855005
    },
    "metrics": {
        "accuracy": 0.39603960396039606,
        "f1": 0.3081414935429534,
        "matthews_correlation": -0.3307232748617061,
        "precision": 0.28447121820615795,
        "recall": 0.3731284475965327
    }
}