{
    "metrics1": {
        "accuracy": 0.9405940594059405,
        "f1": 0.9403073286052009,
        "matthews_correlation": 0.881359287098616,
        "precision": 0.9394654088050314,
        "recall": 0.941897233201581
    },
    "metrics": {
        "accuracy": 0.45544554455445546,
        "f1": 0.3129251700680272,
        "matthews_correlation": 0.0,
        "precision": 0.22772277227722773,
        "recall": 0.5
    }
}