{
    "metrics1": {
        "accuracy": 0.9702970297029703,
        "f1": 0.9702503681885125,
        "matthews_correlation": 0.9406915706820785,
        "precision": 0.9699764521193093,
        "recall": 0.9707154088050314
    },
    "metrics": {
        "accuracy": 0.5346534653465347,
        "f1": 0.36681339202347607,
        "matthews_correlation": 0.1050793351076541,
        "precision": 0.765,
        "recall": 0.5104166666666666
    }
}