{
    "metrics1": {
        "accuracy": 0.9801980198019802,
        "f1": 0.9801805337519622,
        "matthews_correlation": 0.9611314087603529,
        "precision": 0.98,
        "recall": 0.9811320754716981
    },
    "metrics": {
        "accuracy": 0.8910891089108911,
        "f1": 0.8882855706385118,
        "matthews_correlation": 0.7989658028768607,
        "precision": 0.9140625,
        "recall": 0.8854166666666667
    }
}