{
    "metrics1": {
        "accuracy": 0.7920792079207921,
        "f1": 0.7891021179278115,
        "matthews_correlation": 0.5860138269260109,
        "precision": 0.7979674796747968,
        "recall": 0.78812893081761
    },
    "metrics": {
        "accuracy": 0.46534653465346537,
        "f1": 0.31756756756756754,
        "matthews_correlation": -0.23916438443157928,
        "precision": 0.24736842105263157,
        "recall": 0.44339622641509435
    }
}