{
    "metrics1": {
        "accuracy": 0.8316831683168316,
        "f1": 0.8314187530682375,
        "matthews_correlation": 0.6643100237080612,
        "precision": 0.8313725490196079,
        "recall": 0.8329393223010244
    },
    "metrics": {
        "accuracy": 0.5346534653465347,
        "f1": 0.34838709677419355,
        "matthews_correlation": 0.0,
        "precision": 0.26732673267326734,
        "recall": 0.5
    }
}