{
    "metrics1": {
        "accuracy": 0.8217821782178217,
        "f1": 0.8196428571428571,
        "matthews_correlation": 0.6419164322495085,
        "precision": 0.8237770649558942,
        "recall": 0.8181639085894405
    },
    "metrics": {
        "accuracy": 0.46534653465346537,
        "f1": 0.31756756756756754,
        "matthews_correlation": 0.0,
        "precision": 0.23267326732673269,
        "recall": 0.5
    }
}