{
    "metrics1": {
        "accuracy": 0.8217821782178217,
        "f1": 0.8080658783783784,
        "matthews_correlation": 0.6190278494193687,
        "precision": 0.8166666666666667,
        "recall": 0.8025227460711332
    },
    "metrics": {
        "accuracy": 0.5247524752475248,
        "f1": 0.34415584415584416,
        "matthews_correlation": -0.24806403281386152,
        "precision": 0.28804347826086957,
        "recall": 0.4274193548387097
    }
}