{
    "metrics1": {
        "accuracy": 0.8910891089108911,
        "f1": 0.8875164523640782,
        "matthews_correlation": 0.7752177870600995,
        "precision": 0.8890243902439025,
        "recall": 0.8861985472154963
    },
    "metrics": {
        "accuracy": 0.36633663366336633,
        "f1": 0.26811594202898553,
        "matthews_correlation": -0.27048970875004197,
        "precision": 0.19270833333333334,
        "recall": 0.44047619047619047
    }
}