{
    "metrics1": {
        "accuracy": 0.8316831683168316,
        "f1": 0.8306204991614876,
        "matthews_correlation": 0.6627246624632261,
        "precision": 0.8297955974842768,
        "recall": 0.8329365079365079
    },
    "metrics": {
        "accuracy": 0.44554455445544555,
        "f1": 0.3082191780821918,
        "matthews_correlation": 0.0,
        "precision": 0.22277227722772278,
        "recall": 0.5
    }
}