{
    "metrics1": {
        "accuracy": 0.7821782178217822,
        "f1": 0.7702646815550042,
        "matthews_correlation": 0.5465089888952069,
        "precision": 0.7811965811965812,
        "recall": 0.7655367231638418
    },
    "metrics": {
        "accuracy": 0.297029702970297,
        "f1": 0.22900763358778625,
        "matthews_correlation": -0.4352081105844181,
        "precision": 0.16853932584269662,
        "recall": 0.35714285714285715
    }
}