{
    "xgb": 0.5054575986565911,
    "lgb": 0.464735516372796
}