{
    "xgb": 0.6558951965065503,
    "lgb": 0.6262008733624455
}