{
    "metrics1": {
        "accuracy": 0.8910891089108911,
        "f1": 0.8900108900108901,
        "matthews_correlation": 0.7801995494565519,
        "precision": 0.8893280632411067,
        "recall": 0.8908730158730158
    },
    "metrics": {
        "accuracy": 0.44554455445544555,
        "f1": 0.3082191780821918,
        "matthews_correlation": 0.0,
        "precision": 0.22277227722772278,
        "recall": 0.5
    }
}