{
    "metrics1": {
        "accuracy": 0.7821782178217822,
        "f1": 0.7772654370489174,
        "matthews_correlation": 0.5551644816588674,
        "precision": 0.7759170653907497,
        "recall": 0.7792574656981437
    },
    "metrics": {
        "accuracy": 0.6138613861386139,
        "f1": 0.4424628450106157,
        "matthews_correlation": 0.2073714431928732,
        "precision": 0.8010204081632653,
        "recall": 0.5357142857142857
    }
}