{
    "metrics1": {
        "accuracy": 0.594059405940594,
        "f1": 0.5900405900405901,
        "matthews_correlation": 0.287822157842265,
        "precision": 0.6532258064516129,
        "recall": 0.6351626016260162
    },
    "metrics": {
        "accuracy": 0.40594059405940597,
        "f1": 0.2887323943661972,
        "matthews_correlation": 0.0,
        "precision": 0.20297029702970298,
        "recall": 0.5
    }
}