{
    "metrics1": {
        "accuracy": 0.6633663366336634,
        "f1": 0.6606719367588934,
        "matthews_correlation": 0.34049682390377073,
        "precision": 0.6739754098360655,
        "recall": 0.6666012558869702
    },
    "metrics": {
        "accuracy": 0.3069306930693069,
        "f1": 0.23484848484848486,
        "matthews_correlation": -0.4797343744992882,
        "precision": 0.18674698795180722,
        "recall": 0.3163265306122449
    }
}