{
    "metrics1": {
        "accuracy": 0.8613861386138614,
        "f1": 0.8610455974842768,
        "matthews_correlation": 0.7330134463914475,
        "precision": 0.8636185243328101,
        "recall": 0.8694178628389154
    },
    "metrics": {
        "accuracy": 0.5643564356435643,
        "f1": 0.36075949367088606,
        "matthews_correlation": 0.0,
        "precision": 0.28217821782178215,
        "recall": 0.5
    }
}