{
    "accuracy": 0.5,
    "f1": 0.4301994301994302,
    "matthews_correlation": -0.11785113019775792,
    "precision": 0.43333333333333335,
    "recall": 0.4479166666666667
}