{
    "xgb": 0.6155066079295154,
    "lgb": 0.7330396475770925
}