{
    "metrics1": {
        "accuracy": 0.7920792079207921,
        "f1": 0.7900207900207901,
        "matthews_correlation": 0.5801991573369789,
        "precision": 0.7906746031746033,
        "recall": 0.7895256916996047
    },
    "metrics": {
        "accuracy": 0.45544554455445546,
        "f1": 0.3129251700680272,
        "matthews_correlation": 0.0,
        "precision": 0.22772277227722773,
        "recall": 0.5
    }
}