{
    "metrics1": {
        "accuracy": 0.7425742574257426,
        "f1": 0.7367682437850842,
        "matthews_correlation": 0.4741361396826454,
        "precision": 0.7384987893462469,
        "recall": 0.7356459330143541
    },
    "metrics": {
        "accuracy": 0.5643564356435643,
        "f1": 0.36075949367088606,
        "matthews_correlation": 0.0,
        "precision": 0.28217821782178215,
        "recall": 0.5
    }
}