{
    "metrics1": {
        "accuracy": 0.8415841584158416,
        "f1": 0.838915470494418,
        "matthews_correlation": 0.6887534969230009,
        "precision": 0.8516393442622952,
        "recall": 0.8372641509433962
    },
    "metrics": {
        "accuracy": 0.6039603960396039,
        "f1": 0.5058708414872799,
        "matthews_correlation": 0.3081916268379895,
        "precision": 0.7849462365591398,
        "recall": 0.5833333333333334
    }
}