{
    "metrics1": {
        "accuracy": 0.8514851485148515,
        "f1": 0.8514268902618417,
        "matthews_correlation": 0.7164932677452768,
        "precision": 0.8595238095238096,
        "recall": 0.8569739952718676
    },
    "metrics": {
        "accuracy": 0.46534653465346537,
        "f1": 0.31756756756756754,
        "matthews_correlation": 0.0,
        "precision": 0.23267326732673269,
        "recall": 0.5
    }
}