{
    "metrics1": {
        "accuracy": 0.9801980198019802,
        "f1": 0.9794715447154472,
        "matthews_correlation": 0.9597683821552239,
        "precision": 0.9761904761904762,
        "recall": 0.9836065573770492
    },
    "metrics": {
        "accuracy": 0.39603960396039606,
        "f1": 0.28368794326241137,
        "matthews_correlation": 0.0,
        "precision": 0.19801980198019803,
        "recall": 0.5
    }
}