{
    "metrics1": {
        "accuracy": 0.7623762376237624,
        "f1": 0.7621664050235479,
        "matthews_correlation": 0.5461923664973752,
        "precision": 0.7750601443464314,
        "recall": 0.7711462450592885
    },
    "metrics": {
        "accuracy": 0.5445544554455446,
        "f1": 0.5095016891891893,
        "matthews_correlation": 0.18585847907989403,
        "precision": 0.618421052631579,
        "recall": 0.5729249011857707
    }
}