{
    "metrics1": {
        "accuracy": 0.9108910891089109,
        "f1": 0.91000891000891,
        "matthews_correlation": 0.8201996278804664,
        "precision": 0.9109126984126984,
        "recall": 0.9092885375494071
    },
    "metrics": {
        "accuracy": 0.5445544554455446,
        "f1": 0.5196443341604632,
        "matthews_correlation": 0.16475387445404696,
        "precision": 0.5978260869565217,
        "recall": 0.5693675889328063
    }
}