{
    "metrics1": {
        "accuracy": 0.7128712871287128,
        "f1": 0.7072463768115942,
        "matthews_correlation": 0.43201878836278695,
        "precision": 0.7228487886382624,
        "recall": 0.7093799058084772
    },
    "metrics": {
        "accuracy": 0.48514851485148514,
        "f1": 0.32666666666666666,
        "matthews_correlation": 0.0,
        "precision": 0.24257425742574257,
        "recall": 0.5
    }
}