{
    "metrics1": {
        "accuracy": 0.7722772277227723,
        "f1": 0.7690166053495078,
        "matthews_correlation": 0.5419047987243042,
        "precision": 0.7742130750605327,
        "recall": 0.7677304964539007
    },
    "metrics": {
        "accuracy": 0.5346534653465347,
        "f1": 0.34838709677419355,
        "matthews_correlation": 0.0,
        "precision": 0.26732673267326734,
        "recall": 0.5
    }
}