{
    "metrics1": {
        "accuracy": 0.7524752475247525,
        "f1": 0.75002475002475,
        "matthews_correlation": 0.5037961496869484,
        "precision": 0.754410585404972,
        "recall": 0.7494103773584906
    },
    "metrics": {
        "accuracy": 0.5247524752475248,
        "f1": 0.34415584415584416,
        "matthews_correlation": 0.0,
        "precision": 0.2623762376237624,
        "recall": 0.5
    }
}