{
    "metrics1": {
        "accuracy": 0.9306930693069307,
        "f1": 0.9304476143630103,
        "matthews_correlation": 0.862549727732789,
        "precision": 0.9297488226059655,
        "recall": 0.9328063241106719
    },
    "metrics": {
        "accuracy": 0.45544554455445546,
        "f1": 0.3129251700680272,
        "matthews_correlation": 0.0,
        "precision": 0.22772277227722773,
        "recall": 0.5
    }
}