{
    "metrics1": {
        "accuracy": 0.9306930693069307,
        "f1": 0.9284195605953225,
        "matthews_correlation": 0.8585840534470582,
        "precision": 0.9246190858059342,
        "recall": 0.9340163934426229
    },
    "metrics": {
        "accuracy": 0.39603960396039606,
        "f1": 0.28368794326241137,
        "matthews_correlation": 0.0,
        "precision": 0.19801980198019803,
        "recall": 0.5
    }
}