{
    "metrics1": {
        "accuracy": 0.8415841584158416,
        "f1": 0.8415686274509804,
        "matthews_correlation": 0.6937656630875751,
        "precision": 0.8463356973995272,
        "recall": 0.8474308300395257
    },
    "metrics": {
        "accuracy": 0.45544554455445546,
        "f1": 0.3129251700680272,
        "matthews_correlation": 0.0,
        "precision": 0.22772277227722773,
        "recall": 0.5
    }
}