{
    "metrics1": {
        "accuracy": 0.5742574257425742,
        "f1": 0.5715694978790569,
        "matthews_correlation": 0.14325195432354368,
        "precision": 0.5717391304347825,
        "recall": 0.5715130023640662
    },
    "metrics": {
        "accuracy": 0.42574257425742573,
        "f1": 0.42433176100628933,
        "matthews_correlation": -0.13916466133538052,
        "precision": 0.42958030669895075,
        "recall": 0.4312450748620961
    }
}