{
    "metrics1": {
        "accuracy": 0.801980198019802,
        "f1": 0.7962066182405165,
        "matthews_correlation": 0.5950440689415655,
        "precision": 0.7934609250398724,
        "recall": 0.8016393442622951
    },
    "metrics": {
        "accuracy": 0.39603960396039606,
        "f1": 0.28368794326241137,
        "matthews_correlation": 0.0,
        "precision": 0.19801980198019803,
        "recall": 0.5
    }
}