{
    "metrics1": {
        "accuracy": 0.9504950495049505,
        "f1": 0.9504172803141875,
        "matthews_correlation": 0.9055188288357752,
        "precision": 0.9509803921568627,
        "recall": 0.9545454545454546
    },
    "metrics": {
        "accuracy": 0.9801980198019802,
        "f1": 0.9799603174603174,
        "matthews_correlation": 0.9607078498925448,
        "precision": 0.9824561403508771,
        "recall": 0.9782608695652174
    }
}