{
    "metrics1": {
        "accuracy": 0.8217821782178217,
        "f1": 0.8209219858156028,
        "matthews_correlation": 0.6742970108266083,
        "precision": 0.8305752561071711,
        "recall": 0.8438524590163934
    },
    "metrics": {
        "accuracy": 0.25742574257425743,
        "f1": 0.2547958681751107,
        "matthews_correlation": -0.47895177559278845,
        "precision": 0.2648221343873518,
        "recall": 0.2561475409836066
    }
}