{
    "xgb": 0.6655896607431341,
    "lgb": 0.574313408723748
}