{
    "metrics1": {
        "accuracy": 0.900990099009901,
        "f1": 0.8998015873015872,
        "matthews_correlation": 0.7996031746031746,
        "precision": 0.8998015873015872,
        "recall": 0.8998015873015872
    },
    "metrics": {
        "accuracy": 0.44554455445544555,
        "f1": 0.3082191780821918,
        "matthews_correlation": 0.0,
        "precision": 0.22277227722772278,
        "recall": 0.5
    }
}