{
    "xgb": 0.6669288242233582,
    "lgb": 0.7778214707038931
}