{
    "metrics1": {
        "accuracy": 0.6633663366336634,
        "f1": 0.6557738572574178,
        "matthews_correlation": 0.32497783550555964,
        "precision": 0.6675020885547202,
        "recall": 0.657625786163522
    },
    "metrics": {
        "accuracy": 0.5247524752475248,
        "f1": 0.34415584415584416,
        "matthews_correlation": 0.0,
        "precision": 0.2623762376237624,
        "recall": 0.5
    }
}