{
    "xgb": 0.5841446453407511,
    "lgb": 0.541029207232267
}