{
    "metrics1": {
        "accuracy": 0.7425742574257426,
        "f1": 0.7425490196078431,
        "matthews_correlation": 0.49035846847844533,
        "precision": 0.7448899371069182,
        "recall": 0.7454688731284476
    },
    "metrics": {
        "accuracy": 0.46534653465346537,
        "f1": 0.31756756756756754,
        "matthews_correlation": 0.0,
        "precision": 0.23267326732673269,
        "recall": 0.5
    }
}