{
    "metrics1": {
        "accuracy": 0.9801980198019802,
        "f1": 0.9801493710691824,
        "matthews_correlation": 0.9602987421383647,
        "precision": 0.9801493710691824,
        "recall": 0.9801493710691824
    },
    "metrics": {
        "accuracy": 0.6237623762376238,
        "f1": 0.5404693486590039,
        "matthews_correlation": 0.3483346039901812,
        "precision": 0.7912087912087913,
        "recall": 0.6041666666666666
    }
}