{
    "metrics1": {
        "accuracy": 0.7029702970297029,
        "f1": 0.6895491803278688,
        "matthews_correlation": 0.5038978415246255,
        "precision": 0.7874358974358975,
        "recall": 0.720843183609141
    },
    "metrics": {
        "accuracy": 0.46534653465346537,
        "f1": 0.31756756756756754,
        "matthews_correlation": 0.0,
        "precision": 0.23267326732673269,
        "recall": 0.5
    }
}