{
    "xgb": 0.45124593716143013,
    "lgb": 0.46208017334777896
}