{
    "metrics1": {
        "accuracy": 0.8316831683168316,
        "f1": 0.8306204991614876,
        "matthews_correlation": 0.6653689243553236,
        "precision": 0.8300627943485086,
        "recall": 0.8353269537480064
    },
    "metrics": {
        "accuracy": 0.5643564356435643,
        "f1": 0.36075949367088606,
        "matthews_correlation": 0.0,
        "precision": 0.28217821782178215,
        "recall": 0.5
    }
}