{
    "xgb": 0.5070904645476773,
    "lgb": 0.5012224938875306
}