{
    "xgb": 0.5712814173877214,
    "lgb": 0.6510094767202307
}