{
    "metrics1": {
        "accuracy": 0.7524752475247525,
        "f1": 0.7509124987668936,
        "matthews_correlation": 0.5031652085686235,
        "precision": 0.7503930817610063,
        "recall": 0.7527777777777778
    },
    "metrics": {
        "accuracy": 0.44554455445544555,
        "f1": 0.3082191780821918,
        "matthews_correlation": 0.0,
        "precision": 0.22277227722772278,
        "recall": 0.5
    }
}