{
    "metrics1": {
        "accuracy": 0.7128712871287128,
        "f1": 0.7087600676145969,
        "matthews_correlation": 0.4245202484279833,
        "precision": 0.7087264150943396,
        "recall": 0.7158536585365853
    },
    "metrics": {
        "accuracy": 0.4158415841584158,
        "f1": 0.33082537900056147,
        "matthews_correlation": 0.0027607881518711638,
        "precision": 0.503125,
        "recall": 0.500609756097561
    }
}