{
    "metrics1": {
        "accuracy": 0.6633663366336634,
        "f1": 0.6617415287628055,
        "matthews_correlation": 0.32557718685043546,
        "precision": 0.6636904761904762,
        "recall": 0.6618916797488226
    },
    "metrics": {
        "accuracy": 0.48514851485148514,
        "f1": 0.32666666666666666,
        "matthews_correlation": 0.0,
        "precision": 0.24257425742574257,
        "recall": 0.5
    }
}