{
    "metrics1": {
        "accuracy": 0.7524752475247525,
        "f1": 0.7515986227250369,
        "matthews_correlation": 0.503345490516799,
        "precision": 0.751375786163522,
        "recall": 0.7519700551615445
    },
    "metrics": {
        "accuracy": 0.5346534653465347,
        "f1": 0.34838709677419355,
        "matthews_correlation": 0.0,
        "precision": 0.26732673267326734,
        "recall": 0.5
    }
}