{
    "metrics1": {
        "accuracy": 0.7920792079207921,
        "f1": 0.7907664989641906,
        "matthews_correlation": 0.5829449355159249,
        "precision": 0.7928571428571429,
        "recall": 0.7900943396226415
    },
    "metrics": {
        "accuracy": 0.5247524752475248,
        "f1": 0.34415584415584416,
        "matthews_correlation": 0.0,
        "precision": 0.2623762376237624,
        "recall": 0.5
    }
}