{
    "metrics1": {
        "accuracy": 0.8118811881188119,
        "f1": 0.8081959020489755,
        "matthews_correlation": 0.6244681494782773,
        "precision": 0.8061465721040189,
        "recall": 0.8184426229508197
    },
    "metrics": {
        "accuracy": 0.6039603960396039,
        "f1": 0.3765432098765432,
        "matthews_correlation": 0.0,
        "precision": 0.30198019801980197,
        "recall": 0.5
    }
}