{
    "metrics1": {
        "accuracy": 0.801980198019802,
        "f1": 0.8014937106918238,
        "matthews_correlation": 0.6036189410397638,
        "precision": 0.8024034672970843,
        "recall": 0.8012166405023547
    },
    "metrics": {
        "accuracy": 0.3564356435643564,
        "f1": 0.2741846323935876,
        "matthews_correlation": -0.3745201660795297,
        "precision": 0.23682170542635658,
        "recall": 0.3667582417582418
    }
}