{
    "metrics1": {
        "accuracy": 0.6732673267326733,
        "f1": 0.6731391585760518,
        "matthews_correlation": 0.34641038366035876,
        "precision": 0.6731372549019607,
        "recall": 0.6732731554160125
    },
    "metrics": {
        "accuracy": 0.5148514851485149,
        "f1": 0.33986928104575165,
        "matthews_correlation": 0.0,
        "precision": 0.25742574257425743,
        "recall": 0.5
    }
}