{
    "metrics1": {
        "accuracy": 0.8316831683168316,
        "f1": 0.8316831683168316,
        "matthews_correlation": 0.6674528301886793,
        "precision": 0.8337264150943396,
        "recall": 0.8337264150943396
    },
    "metrics": {
        "accuracy": 0.4752475247524752,
        "f1": 0.3221476510067114,
        "matthews_correlation": 0.0,
        "precision": 0.2376237623762376,
        "recall": 0.5
    }
}