{
    "metrics1": {
        "accuracy": 0.7623762376237624,
        "f1": 0.7623529411764706,
        "matthews_correlation": 0.5271014980606886,
        "precision": 0.7633437990580847,
        "recall": 0.7637578616352201
    },
    "metrics": {
        "accuracy": 0.46534653465346537,
        "f1": 0.31756756756756754,
        "matthews_correlation": -0.1050793351076541,
        "precision": 0.235,
        "recall": 0.4895833333333333
    }
}