{
    "xgb": 0.5062324085243265,
    "lgb": 0.41857659831121835
}