{
    "metrics1": {
        "accuracy": 0.8712871287128713,
        "f1": 0.8694441682410261,
        "matthews_correlation": 0.7390633618260346,
        "precision": 0.870414673046252,
        "recall": 0.8686507936507937
    },
    "metrics": {
        "accuracy": 0.44554455445544555,
        "f1": 0.3082191780821918,
        "matthews_correlation": 0.0,
        "precision": 0.22277227722772278,
        "recall": 0.5
    }
}