{
    "xgb": 0.7423544197737746,
    "lgb": 0.7892752408881442
}