{
    "metrics1": {
        "accuracy": 0.7623762376237624,
        "f1": 0.7516393442622951,
        "matthews_correlation": 0.545135450818705,
        "precision": 0.792572463768116,
        "recall": 0.753930817610063
    },
    "metrics": {
        "accuracy": 0.5247524752475248,
        "f1": 0.34415584415584416,
        "matthews_correlation": 0.0,
        "precision": 0.2623762376237624,
        "recall": 0.5
    }
}