{
    "metrics1": {
        "accuracy": 0.6732673267326733,
        "f1": 0.6732673267326733,
        "matthews_correlation": 0.3498427672955975,
        "precision": 0.6749213836477987,
        "recall": 0.6749213836477987
    },
    "metrics": {
        "accuracy": 0.5247524752475248,
        "f1": 0.34415584415584416,
        "matthews_correlation": 0.0,
        "precision": 0.2623762376237624,
        "recall": 0.5
    }
}