{
    "metrics1": {
        "accuracy": 0.9108910891089109,
        "f1": 0.9079680064797003,
        "matthews_correlation": 0.8176411878199794,
        "precision": 0.9043704891740176,
        "recall": 0.9133196721311476
    },
    "metrics": {
        "accuracy": 0.36633663366336633,
        "f1": 0.26811594202898553,
        "matthews_correlation": -0.2160640494607739,
        "precision": 0.18877551020408162,
        "recall": 0.4625
    }
}