{
    "metrics1": {
        "accuracy": 0.8712871287128713,
        "f1": 0.8679738562091504,
        "matthews_correlation": 0.737554555381412,
        "precision": 0.8723577235772357,
        "recall": 0.865231259968102
    },
    "metrics": {
        "accuracy": 0.5643564356435643,
        "f1": 0.36075949367088606,
        "matthews_correlation": 0.0,
        "precision": 0.28217821782178215,
        "recall": 0.5
    }
}