{
    "xgb": 0.46070931849791374,
    "lgb": 0.47079276773296247
}