{
    "metrics1": {
        "accuracy": 0.8316831683168316,
        "f1": 0.8316831683168316,
        "matthews_correlation": 0.6713947990543735,
        "precision": 0.8356973995271868,
        "recall": 0.8356973995271868
    },
    "metrics": {
        "accuracy": 0.46534653465346537,
        "f1": 0.31756756756756754,
        "matthews_correlation": 0.0,
        "precision": 0.23267326732673269,
        "recall": 0.5
    }
}