{
    "metrics1": {
        "accuracy": 0.9405940594059405,
        "f1": 0.9405416012558869,
        "matthews_correlation": 0.8877566604153911,
        "precision": 0.9423076923076923,
        "recall": 0.9454545454545454
    },
    "metrics": {
        "accuracy": 0.43564356435643564,
        "f1": 0.3306592256714335,
        "matthews_correlation": -0.10658897385508208,
        "precision": 0.387719298245614,
        "recall": 0.47470355731225294
    }
}