{
    "metrics1": {
        "accuracy": 0.7524752475247525,
        "f1": 0.7523781504364029,
        "matthews_correlation": 0.5228315034332568,
        "precision": 0.7625598086124402,
        "recall": 0.7602766798418972
    },
    "metrics": {
        "accuracy": 0.45544554455445546,
        "f1": 0.3129251700680272,
        "matthews_correlation": 0.0,
        "precision": 0.22772277227722773,
        "recall": 0.5
    }
}