{
    "metrics1": {
        "accuracy": 0.7623762376237624,
        "f1": 0.7570168404170008,
        "matthews_correlation": 0.5165033523562313,
        "precision": 0.7551587301587301,
        "recall": 0.7613821138211383
    },
    "metrics": {
        "accuracy": 0.36633663366336633,
        "f1": 0.26811594202898553,
        "matthews_correlation": -0.24565625418973064,
        "precision": 0.19072164948453607,
        "recall": 0.45121951219512196
    }
}