{
    "xgb": 0.667296786389414,
    "lgb": 0.7580340264650284
}