{
    "metrics1": {
        "accuracy": 0.7821782178217822,
        "f1": 0.7723360655737705,
        "matthews_correlation": 0.5611932051524163,
        "precision": 0.793073593073593,
        "recall": 0.7686507936507937
    },
    "metrics": {
        "accuracy": 0.44554455445544555,
        "f1": 0.3082191780821918,
        "matthews_correlation": 0.0,
        "precision": 0.22277227722772278,
        "recall": 0.5
    }
}