{
    "metrics1": {
        "accuracy": 0.6633663366336634,
        "f1": 0.6535512510088781,
        "matthews_correlation": 0.31571752179395074,
        "precision": 0.6622807017543859,
        "recall": 0.6535573122529644
    },
    "metrics": {
        "accuracy": 0.3564356435643564,
        "f1": 0.26277372262773724,
        "matthews_correlation": -0.36247806662148974,
        "precision": 0.1978021978021978,
        "recall": 0.391304347826087
    }
}