{
    "metrics1": {
        "accuracy": 0.5841584158415841,
        "f1": 0.5791666666666666,
        "matthews_correlation": 0.2901891294632079,
        "precision": 0.6568486590038314,
        "recall": 0.6342213114754098
    },
    "metrics": {
        "accuracy": 0.39603960396039606,
        "f1": 0.28368794326241137,
        "matthews_correlation": 0.0,
        "precision": 0.19801980198019803,
        "recall": 0.5
    }
}