{
    "xgb": 0.45780757097791797,
    "lgb": 0.5035488958990536
}