{
    "metrics1": {
        "accuracy": 0.6534653465346535,
        "f1": 0.651277498273651,
        "matthews_correlation": 0.30371589120037007,
        "precision": 0.6525793650793651,
        "recall": 0.6511399371069182
    },
    "metrics": {
        "accuracy": 0.39603960396039606,
        "f1": 0.3659565709581146,
        "matthews_correlation": -0.24642805162445225,
        "precision": 0.36658986175115205,
        "recall": 0.38620283018867924
    }
}