{
    "metrics1": {
        "accuracy": 0.8415841584158416,
        "f1": 0.8415686274509804,
        "matthews_correlation": 0.6937656630875751,
        "precision": 0.8463356973995272,
        "recall": 0.8474308300395257
    },
    "metrics": {
        "accuracy": 0.10891089108910891,
        "f1": 0.09821428571428571,
        "matthews_correlation": -0.7962775715882576,
        "precision": 0.08333333333333333,
        "recall": 0.11956521739130435
    }
}