{
    "metrics1": {
        "accuracy": 0.8118811881188119,
        "f1": 0.8100188100188099,
        "matthews_correlation": 0.6332359158886752,
        "precision": 0.8223577235772358,
        "recall": 0.8109803921568628
    },
    "metrics": {
        "accuracy": 0.5148514851485149,
        "f1": 0.3733063188552615,
        "matthews_correlation": 0.1407334436402497,
        "precision": 0.7525252525252526,
        "recall": 0.5196078431372549
    }
}