{
    "xgb": 0.5381498987170831,
    "lgb": 0.48548278190411887
}