{
    "metrics1": {
        "accuracy": 0.6534653465346535,
        "f1": 0.651277498273651,
        "matthews_correlation": 0.3884849422568278,
        "precision": 0.7025899912203688,
        "recall": 0.6862389023405973
    },
    "metrics": {
        "accuracy": 0.4158415841584158,
        "f1": 0.2937062937062937,
        "matthews_correlation": 0.0,
        "precision": 0.2079207920792079,
        "recall": 0.5
    }
}