{
    "metrics1": {
        "accuracy": 0.5445544554455446,
        "f1": 0.5445098039215687,
        "matthews_correlation": 0.09589593636534742,
        "precision": 0.5478723404255319,
        "recall": 0.5480237154150198
    },
    "metrics": {
        "accuracy": 0.45544554455445546,
        "f1": 0.3129251700680272,
        "matthews_correlation": 0.0,
        "precision": 0.22772277227722773,
        "recall": 0.5
    }
}