{
    "metrics1": {
        "accuracy": 0.6138613861386139,
        "f1": 0.5946279715961718,
        "matthews_correlation": 0.18938028694480333,
        "precision": 0.5951199338296111,
        "recall": 0.5942622950819672
    },
    "metrics": {
        "accuracy": 0.39603960396039606,
        "f1": 0.28368794326241137,
        "matthews_correlation": 0.0,
        "precision": 0.19801980198019803,
        "recall": 0.5
    }
}