{
    "metrics1": {
        "accuracy": 0.7623762376237624,
        "f1": 0.7554479418886199,
        "matthews_correlation": 0.5165136059125226,
        "precision": 0.7529761904761905,
        "recall": 0.7636476426799008
    },
    "metrics": {
        "accuracy": 0.594059405940594,
        "f1": 0.37267080745341613,
        "matthews_correlation": -0.1127285340326119,
        "precision": 0.30303030303030304,
        "recall": 0.4838709677419355
    }
}