{
    "metrics1": {
        "accuracy": 0.7623762376237624,
        "f1": 0.7570168404170008,
        "matthews_correlation": 0.5296085174635492,
        "precision": 0.7729741019214703,
        "recall": 0.75687893081761
    },
    "metrics": {
        "accuracy": 0.38613861386138615,
        "f1": 0.3023618538324421,
        "matthews_correlation": -0.28546797576768423,
        "precision": 0.2871503496503497,
        "recall": 0.40428459119496857
    }
}