{
    "metrics1": {
        "accuracy": 0.9504950495049505,
        "f1": 0.9504172803141875,
        "matthews_correlation": 0.9010214877430848,
        "precision": 0.9501569858712716,
        "recall": 0.9508647798742138
    },
    "metrics": {
        "accuracy": 0.5247524752475248,
        "f1": 0.34415584415584416,
        "matthews_correlation": 0.0,
        "precision": 0.2623762376237624,
        "recall": 0.5
    }
}