{
    "metrics1": {
        "accuracy": 0.7821782178217822,
        "f1": 0.7821568627450981,
        "matthews_correlation": 0.564927465991978,
        "precision": 0.7823529411764706,
        "recall": 0.7825745682888541
    },
    "metrics": {
        "accuracy": 0.39603960396039606,
        "f1": 0.2964485554413612,
        "matthews_correlation": -0.29655387142724066,
        "precision": 0.26212121212121214,
        "recall": 0.407574568288854
    }
}