{
    "metrics1": {
        "accuracy": 0.7029702970297029,
        "f1": 0.7005928853754941,
        "matthews_correlation": 0.4034148347342632,
        "precision": 0.7031499202551834,
        "recall": 0.7002751572327044
    },
    "metrics": {
        "accuracy": 0.5247524752475248,
        "f1": 0.34415584415584416,
        "matthews_correlation": 0.0,
        "precision": 0.2623762376237624,
        "recall": 0.5
    }
}