{
    "metrics1": {
        "accuracy": 0.6336633663366337,
        "f1": 0.6330878743249877,
        "matthews_correlation": 0.28755543787414123,
        "precision": 0.6452784503631961,
        "recall": 0.642292490118577
    },
    "metrics": {
        "accuracy": 0.45544554455445546,
        "f1": 0.3129251700680272,
        "matthews_correlation": 0.0,
        "precision": 0.22772277227722773,
        "recall": 0.5
    }
}