{
    "metrics1": {
        "accuracy": 0.8316831683168316,
        "f1": 0.831617142296754,
        "matthews_correlation": 0.6832141362252354,
        "precision": 0.8401185770750988,
        "recall": 0.8431020733652312
    },
    "metrics": {
        "accuracy": 0.5643564356435643,
        "f1": 0.36075949367088606,
        "matthews_correlation": 0.0,
        "precision": 0.28217821782178215,
        "recall": 0.5
    }
}