{
    "metrics1": {
        "accuracy": 0.801980198019802,
        "f1": 0.8019607843137255,
        "matthews_correlation": 0.6140496995246115,
        "precision": 0.8075098814229249,
        "recall": 0.8065405831363278
    },
    "metrics": {
        "accuracy": 0.46534653465346537,
        "f1": 0.31756756756756754,
        "matthews_correlation": 0.0,
        "precision": 0.23267326732673269,
        "recall": 0.5
    }
}