{
    "metrics1": {
        "accuracy": 0.9504950495049505,
        "f1": 0.9488711147109447,
        "matthews_correlation": 0.899526919074137,
        "precision": 0.9448676824378508,
        "recall": 0.9547131147540984
    },
    "metrics": {
        "accuracy": 0.39603960396039606,
        "f1": 0.28368794326241137,
        "matthews_correlation": 0.0,
        "precision": 0.19801980198019803,
        "recall": 0.5
    }
}