{
    "xgb": 0.7030456852791879,
    "lgb": 0.6934010152284263
}