{
    "metrics1": {
        "accuracy": 0.6336633663366337,
        "f1": 0.6313504981750024,
        "matthews_correlation": 0.277998193788907,
        "precision": 0.6414634146341464,
        "recall": 0.6365777080062794
    },
    "metrics": {
        "accuracy": 0.38613861386138615,
        "f1": 0.2785714285714286,
        "matthews_correlation": -0.3731012536223183,
        "precision": 0.2215909090909091,
        "recall": 0.375
    }
}