{
    "metrics1": {
        "accuracy": 0.8910891089108911,
        "f1": 0.8910463861920173,
        "matthews_correlation": 0.7907006842217458,
        "precision": 0.8942610062893082,
        "recall": 0.8964426877470355
    },
    "metrics": {
        "accuracy": 0.5445544554455446,
        "f1": 0.3525641025641026,
        "matthews_correlation": 0.0,
        "precision": 0.2722772277227723,
        "recall": 0.5
    }
}