{
    "metrics1": {
        "accuracy": 0.693069306930693,
        "f1": 0.6929489065411396,
        "matthews_correlation": 0.40925959092250663,
        "precision": 0.7056936647955092,
        "recall": 0.7035714285714285
    },
    "metrics": {
        "accuracy": 0.44554455445544555,
        "f1": 0.3082191780821918,
        "matthews_correlation": 0.0,
        "precision": 0.22277227722772278,
        "recall": 0.5
    }
}