{
    "metrics1": {
        "accuracy": 0.6039603960396039,
        "f1": 0.5162835249042146,
        "matthews_correlation": 0.11311083375926631,
        "precision": 0.5742296918767507,
        "recall": 0.5430894308943089
    },
    "metrics": {
        "accuracy": 0.5544554455445545,
        "f1": 0.5277922077922078,
        "matthews_correlation": 0.058351571049374794,
        "precision": 0.5299145299145299,
        "recall": 0.5284552845528455
    }
}