{
    "metrics1": {
        "accuracy": 0.7524752475247525,
        "f1": 0.7476261869065468,
        "matthews_correlation": 0.5027089156996943,
        "precision": 0.7563524590163935,
        "recall": 0.7464539007092199
    },
    "metrics": {
        "accuracy": 0.46534653465346537,
        "f1": 0.31756756756756754,
        "matthews_correlation": 0.0,
        "precision": 0.23267326732673269,
        "recall": 0.5
    }
}