{
    "metrics1": {
        "accuracy": 0.8514851485148515,
        "f1": 0.8500148500148501,
        "matthews_correlation": 0.7001993926087227,
        "precision": 0.8494071146245059,
        "recall": 0.8507936507936508
    },
    "metrics": {
        "accuracy": 0.46534653465346537,
        "f1": 0.44975786924939465,
        "matthews_correlation": -0.023352595321710166,
        "precision": 0.48703522504892366,
        "recall": 0.489484126984127
    }
}