{
    "metrics1": {
        "accuracy": 0.7821782178217822,
        "f1": 0.7816430817610063,
        "matthews_correlation": 0.5639019944306327,
        "precision": 0.7813971742543171,
        "recall": 0.7825059101654847
    },
    "metrics": {
        "accuracy": 0.5346534653465347,
        "f1": 0.34838709677419355,
        "matthews_correlation": 0.0,
        "precision": 0.26732673267326734,
        "recall": 0.5
    }
}