{
    "metrics1": {
        "accuracy": 0.7128712871287128,
        "f1": 0.7124202258222876,
        "matthews_correlation": 0.4249804924751603,
        "precision": 0.7123233908948194,
        "recall": 0.7126572327044025
    },
    "metrics": {
        "accuracy": 0.4752475247524752,
        "f1": 0.3221476510067114,
        "matthews_correlation": 0.0,
        "precision": 0.2376237623762376,
        "recall": 0.5
    }
}