{
    "metrics1": {
        "accuracy": 0.8514851485148515,
        "f1": 0.8476621417797888,
        "matthews_correlation": 0.7038990227679237,
        "precision": 0.8600082712985939,
        "recall": 0.8440711462450593
    },
    "metrics": {
        "accuracy": 0.45544554455445546,
        "f1": 0.3129251700680272,
        "matthews_correlation": 0.0,
        "precision": 0.22772277227722773,
        "recall": 0.5
    }
}