{
    "metrics1": {
        "accuracy": 0.7623762376237624,
        "f1": 0.7536585365853659,
        "matthews_correlation": 0.5079452158101163,
        "precision": 0.7559426229508197,
        "recall": 0.7520177562550444
    },
    "metrics": {
        "accuracy": 0.6237623762376238,
        "f1": 0.6067622950819672,
        "matthews_correlation": 0.21554928140645227,
        "precision": 0.6096491228070176,
        "recall": 0.6059322033898304
    }
}