{
    "metrics1": {
        "accuracy": 0.7722772277227723,
        "f1": 0.7721878984014906,
        "matthews_correlation": 0.5518349740331226,
        "precision": 0.7751572327044025,
        "recall": 0.7766798418972332
    },
    "metrics": {
        "accuracy": 0.3465346534653465,
        "f1": 0.25735294117647056,
        "matthews_correlation": -0.4544332072404845,
        "precision": 0.21604938271604937,
        "recall": 0.3181818181818182
    }
}