{
    "xgb": 0.7794970986460348,
    "lgb": 0.746615087040619
}