{
    "xgb": 0.7653958944281525,
    "lgb": 0.8785085881860075
}