{
    "metrics1": {
        "accuracy": 0.8118811881188119,
        "f1": 0.8118073943316662,
        "matthews_correlation": 0.6276064038432984,
        "precision": 0.8131868131868132,
        "recall": 0.8144208037825059
    },
    "metrics": {
        "accuracy": 0.46534653465346537,
        "f1": 0.31756756756756754,
        "matthews_correlation": 0.0,
        "precision": 0.23267326732673269,
        "recall": 0.5
    }
}