{
    "metrics1": {
        "accuracy": 0.7425742574257426,
        "f1": 0.7413317572892042,
        "matthews_correlation": 0.4832497701175774,
        "precision": 0.7409591194968554,
        "recall": 0.742292490118577
    },
    "metrics": {
        "accuracy": 0.5445544554455446,
        "f1": 0.3525641025641026,
        "matthews_correlation": 0.0,
        "precision": 0.2722772277227723,
        "recall": 0.5
    }
}