{
    "metrics1": {
        "accuracy": 0.8316831683168316,
        "f1": 0.8306204991614876,
        "matthews_correlation": 0.6614057174828077,
        "precision": 0.830181245074862,
        "recall": 0.8312252964426877
    },
    "metrics": {
        "accuracy": 0.6039603960396039,
        "f1": 0.5992063492063493,
        "matthews_correlation": 0.24819041192361277,
        "precision": 0.6298701298701299,
        "recall": 0.6185770750988142
    }
}