{
    "metrics1": {
        "accuracy": 0.7128712871287128,
        "f1": 0.7118544023610428,
        "matthews_correlation": 0.42384917379717946,
        "precision": 0.7121749408983451,
        "recall": 0.7116745283018868
    },
    "metrics": {
        "accuracy": 0.5247524752475248,
        "f1": 0.34415584415584416,
        "matthews_correlation": 0.0,
        "precision": 0.2623762376237624,
        "recall": 0.5
    }
}