{
    "metrics1": {
        "accuracy": 0.801980198019802,
        "f1": 0.7986443381180224,
        "matthews_correlation": 0.613581198289893,
        "precision": 0.798861852433281,
        "recall": 0.814929693961952
    },
    "metrics": {
        "accuracy": 0.38613861386138615,
        "f1": 0.2785714285714286,
        "matthews_correlation": 0.0,
        "precision": 0.19306930693069307,
        "recall": 0.5
    }
}