{
    "metrics1": {
        "accuracy": 0.6633663366336634,
        "f1": 0.6630690737833596,
        "matthews_correlation": 0.34515217328952214,
        "precision": 0.6738171611868484,
        "recall": 0.6713438735177866
    },
    "metrics": {
        "accuracy": 0.44554455445544555,
        "f1": 0.3227969348659004,
        "matthews_correlation": -0.07420720054212175,
        "precision": 0.391156462585034,
        "recall": 0.4873517786561265
    }
}