{
    "metrics1": {
        "accuracy": 0.8415841584158416,
        "f1": 0.8380112269446671,
        "matthews_correlation": 0.6787641255692308,
        "precision": 0.8434959349593496,
        "recall": 0.8353174603174603
    },
    "metrics": {
        "accuracy": 0.45544554455445546,
        "f1": 0.3278886872353297,
        "matthews_correlation": 0.08964214570007953,
        "precision": 0.725,
        "recall": 0.5089285714285714
    }
}