{
    "metrics1": {
        "accuracy": 0.6732673267326733,
        "f1": 0.6731391585760518,
        "matthews_correlation": 0.4071491633335028,
        "precision": 0.701829268292683,
        "recall": 0.7053349875930521
    },
    "metrics": {
        "accuracy": 0.38613861386138615,
        "f1": 0.2785714285714286,
        "matthews_correlation": 0.0,
        "precision": 0.19306930693069307,
        "recall": 0.5
    }
}