{
    "metrics1": {
        "accuracy": 0.7524752475247525,
        "f1": 0.75002475002475,
        "matthews_correlation": 0.5013960988253414,
        "precision": 0.7492119779353822,
        "recall": 0.7521929824561404
    },
    "metrics": {
        "accuracy": 0.5643564356435643,
        "f1": 0.36075949367088606,
        "matthews_correlation": 0.0,
        "precision": 0.28217821782178215,
        "recall": 0.5
    }
}