{
    "metrics1": {
        "accuracy": 0.5643564356435643,
        "f1": 0.5639717425431711,
        "matthews_correlation": 0.13912255390331607,
        "precision": 0.5691489361702128,
        "recall": 0.5699760765550239
    },
    "metrics": {
        "accuracy": 0.5445544554455446,
        "f1": 0.5441522762951334,
        "matthews_correlation": 0.09909013810777498,
        "precision": 0.5492513790386131,
        "recall": 0.5498405103668262
    }
}