{
    "xgb": 0.7100183823529411,
    "lgb": 0.7339154411764706
}