{
    "xgb": 0.45548450565666504,
    "lgb": 0.4537629119527791
}