{
    "metrics1": {
        "accuracy": 0.7722772277227723,
        "f1": 0.767816091954023,
        "matthews_correlation": 0.543295326959222,
        "precision": 0.7770491803278688,
        "recall": 0.7663514578408195
    },
    "metrics": {
        "accuracy": 0.5841584158415841,
        "f1": 0.5409090909090909,
        "matthews_correlation": 0.15605841987356803,
        "precision": 0.592809364548495,
        "recall": 0.5656028368794326
    }
}